Customer,Spend
"Alaym Saeison (alaym_saeison@example.com)",20000.00
"Saon Odoar (saon.odoar@example.net)",20000.00
"Alaigh Vod (alaighvod3272@example.com)",20000.00
"Wuid Odul (wuid.odul@example.net)",20000.00
"Thal Rauis (thal5869@example.org)",20000.00
"Veyy Lick (veyy572@example.org)",20000.00
"Thair Theesheas (thair_theesheas@example.com)",20000.00
"Voash Bregh (voash.bregh8809@example.com)",20000.00
"Stuirt King (stuirt_king@example.com)",20000.00
"Breem Weiseeton (breemweiseeton7496@example.com)",20000.00
"Iseay Enaison (iseay.enaison@example.net)",20000.00
"Aloul Kooshayck (aloul_kooshayck@example.com)",20000.00
"Kaethit Fraes (kaethitfraes5117@example.com)",20000.00
"Saeewell Trar (saeewell3780@example.org)",20000.00
"Emeim Wayrted (emeimwayrted2752@example.com)",20000.00
"Wiet Reis (wiet.reis8164@example.com)",20000.00
"Veydoond Eneym (veydoond_eneym@example.com)",20000.00
"Chrayy Joos (chrayy.joos@example.net)",20000.00
"Vushairt Alear (vushairt4857@example.org)",20000.00
"Isooton Viy (isooton5518@example.org)",20000.00
"Layd Isem (layd.isem7398@example.com)",20000.00
"Elaeton Jair (elaetonjair1083@example.com)",20000.00
"Stem Raeed (stemraeed6295@example.com)",20000.00
"Emoadeer Peyauson (emoadeer.peyauson@example.net)",20000.00
"Elieton Olot (elieton.olot4127@example.com)",20000.00
"Aneack Laiming (aneack.laiming7041@example.com)",20000.00
"Brit Nound (brit_nound@example.com)",20000.00
"Odaur Breandies (odaur8383@example.org)",20000.00
"Breysh Thaurtuir (breysh.thaurtuir8870@example.com)",20000.00
"Wol Thas (wol_thas@example.com)",20000.00
"Odeyth Pond (odeyth.pond1569@example.com)",20000.00
"Odouck Shoar (odouck6063@example.org)",20000.00
"Kays Jauck (kays_jauck@example.com)",20000.00
"Emien Waertim (emienwaertim7819@example.com)",20000.00
"Thar Olieson (thar.olieson@example.net)",20000.00
"Odeat Aneroat (odeat_aneroat@example.com)",20000.00
"Oluil Emeirt (oluil_emeirt@example.com)",20000.00
"Keiton Stoal (keiton.stoal@example.net)",20000.00
"Oleing Saaimaes (oleing_saaimaes@example.com)",20000.00
"Aloush Enooy (aloush.enooy4204@example.com)",20000.00
"Niendiert Treeng (niendiert.treeng@example.net)",20000.00
"Vuisoneit Woyaum (vuisoneit5902@example.org)",20000.00
"Anaut Aneart (anaut.aneart@example.net)",20000.00
"Freenday Enon (freendayenon7386@example.com)",20000.00
"Frourtouck Chrum (frourtouck7575@example.org)",20000.00
"Voartuiy Joath (voartuiy9685@example.org)",20000.00
"Aneeghieton Theigh (aneeghieton_theigh@example.com)",20000.00
"Frouth Frain (frouth_frain@example.com)",19895.00
"Alayn Paurt (alaynpaurt5852@example.com)",19856.00
"Odeawell Treighays (odeawell.treighays@example.net)",19833.00
